{"cameraMode":{"drawMode":0,"name":"Shaded","section":"Shading Mode"},"sceneLighting":true,"audioPlay":false,"sceneViewState":{"showFog":true,"showMaterialUpdate":true,"showSkybox":true,"showFlares":true,"showImageEffects":true,"showParticleSystems":true},"in2DMode":false,"pivot":{"x":-37.59835433959961,"y":55.964866638183597,"z":-108.13636016845703},"rotation":{"x":0.03948456048965454,"y":0.9363691210746765,"z":-0.3299230635166168,"w":0.11315737664699555},"size":16.473581314086915,"orthographic":false}